{
  "project_info": {
    "project_number": "139680938124",
    "firebase_url": "https://security-app-e09ec.firebaseio.com",
    "project_id": "security-app-e09ec",
    "storage_bucket": "security-app-e09ec.appspot.com"
  },
  "client": [
    {
      "client_info": {
        "mobilesdk_app_id": "1:139680938124:android:ebcedaefabc227cb",
        "android_client_info": {
          "package_name": "event.secure.secureyourevent"
        }
      },
      "oauth_client": [
        {
          "client_id": "139680938124-jcr5ikklip92sr2gl7ufo3nreb5t03m7.apps.googleusercontent.com",
          "client_type": 1,
          "android_info": {
            "package_name": "event.secure.secureyourevent",
            "certificate_hash": "e1f4f1238e44829c7572f2d70017dc2597844f3b"
          }
        },
        {
          "client_id": "139680938124-i1e56mf4h1omkg4r1j52odao45v8ahud.apps.googleusercontent.com",
          "client_type": 3
        }
      ],
      "api_key": [
        {
          "current_key": "AIzaSyAXRrxWeaPTlFWsKKot9AFVIiy-eQTQTdc"
        }
      ],
      "services": {
        "analytics_service": {
          "status": 1
        },
        "appinvite_service": {
          "status": 2,
          "other_platform_oauth_client": [
            {
              "client_id": "139680938124-i1e56mf4h1omkg4r1j52odao45v8ahud.apps.googleusercontent.com",
              "client_type": 3
            }
          ]
        },
        "ads_service": {
          "status": 2
        }
      }
    }
  ],
  "configuration_version": "1"
}